
INSERT INTO `asociado` (`turnos_ID`, `recetas_ID`, `ID`) VALUES
(1, 1, 1),
(3, 1, 3);


INSERT INTO `contiene` (`medicamentos_ID`, `cantidad`, `entregado`, `recetas_ID`, `ID`) VALUES
(190871081, 10, 0, 1, 1),
(740872794, 20, 1, 2, 2),
(603842013, 25, 0, 3, 3),
(129780488, 5, 0, 4, 4),
(690926960, 5, 0, 1, 5),
(420804140, 6, 0, 2, 6);


INSERT INTO `doctores` (`CI`, `Nombre`, `Apellido`, `Telefono`, `email`, `sal`, `hash`, `Especialidad`) VALUES
(87654321, 'Fulanito', 'de tal', '45454545454', 'asdfasdfasfda', 'aasdfasdfasdfadsf', 'adsfadfasdfasdfadsf', 'Gastroenterólogo');


INSERT INTO `entrega` (`Doctores_CI`, `recetas_ID`) VALUES
(87654321, 1),
(87654321, 2),
(87654321, 3),
(87654321, 4);


INSERT INTO `genera` (`CI_usuario`, `ID_turno`) VALUES
(12345678, 1),
(12345678, 2),
(12345678, 3);


INSERT INTO `inicia` (`Ci_usuario`, `ID_sesion`) VALUES
(12345678, 29),
(12345678, 30),
(12345678, 31),
(12345678, 32),
(12345678, 33),
(12345678, 34),
(12345678, 35),
(12345678, 36),
(12345678, 37),
(12345678, 38),
(12345678, 39),
(12345678, 40),
(12345678, 41),
(12345678, 42),
(12345678, 43),
(12345678, 44),
(12345678, 45),
(12345678, 46),
(12345678, 47),
(12345678, 48),
(12345678, 49),
(12345678, 50),
(12345678, 51),
(12345678, 52),
(12345678, 53),
(12345678, 54),
(12345678, 55),
(12345678, 56),
(12345678, 57),
(12345678, 58),
(12345678, 59),
(12345678, 60),
(12345678, 61),
(12345678, 62),
(12345678, 63),
(12345678, 64),
(12345678, 65),
(12345678, 66),
(12345678, 67),
(12345678, 68),
(12345678, 69),
(12345678, 70),
(12345678, 71),
(12345678, 72),
(12345678, 73),
(12345678, 74),
(12345678, 75),
(12345678, 76),
(12345678, 77),
(12345678, 78),
(12345678, 79),
(12345678, 80),
(12345678, 81),
(12345678, 82),
(12345678, 83),
(12345678, 84),
(12345678, 85),
(12345678, 86),
(12345678, 87),
(12345678, 88),
(12345678, 89),
(12345678, 90),
(12345678, 91),
(12345678, 92),
(12345678, 93),
(12345678, 94),
(12345678, 95),
(12345678, 96),
(12345678, 97),
(12345678, 98),
(12345678, 99),
(12345678, 100),
(12345678, 101),
(12345678, 102),
(12345678, 103),
(12345678, 104),
(12345678, 106),
(12345678, 107),
(12345678, 108),
(12345678, 109),
(12345678, 110),
(12345678, 111),
(12345678, 112),
(12345678, 113),
(12345678, 114),
(12345678, 115),
(12345678, 116),
(12345678, 117),
(12345678, 118),
(12345678, 119),
(12345678, 120),
(12345678, 121),
(12345678, 122),
(12345678, 123),
(12345678, 124),
(12345678, 125),
(12345678, 126),
(12345678, 127),
(12345678, 128),
(45751220, 10),
(45751220, 11),
(45751220, 12),
(45751220, 13),
(45751220, 14),
(45751220, 23),
(45751220, 27),
(45751220, 28),
(45751221, 8),
(45751221, 9),
(45751221, 15),
(45751221, 16),
(45751221, 17),
(45751221, 18),
(45751221, 19),
(45751221, 20),
(45751221, 21),
(45751221, 22),
(45751221, 24),
(45751221, 25),
(45751221, 26),
(87654321, 105);


INSERT INTO `medicamentos` (`ID`, `Nombre`, `laboratorio`, `principio`, `presentacion`, `controlado`, `stock`) VALUES
(129780488, 'HUMIRA', 'AGUETTANT', 'Flunisolida', '200 ml', 0, 2),
(190871081, 'ACETADOTE', 'AGUETTANT', 'Anagrelida', '200 ml', 1, 35),
(244322131, 'SECTRAL', 'IRISFARMA, S.A.', 'Pioglitazona', 'blister x 10', 0, 0),
(387581905, 'ZIAGEN', 'AGFA HEALTHCARE NV', 'Aripiprazol', 'blister x 10', 0, 20),
(401219585, 'ZOVIRAX', 'AIR LIQUIDE MEDICINAL', 'Tirofibán', 'blister x 10', 0, 0),
(417182822, 'HEPSERA', 'AIR LIQUIDE MEDICINAL', 'Salmeterol', '200 ml', 0, 20),
(420804140, 'PRECOSE', 'ALCON', 'Alclometasona', '200 ml', 0, 0),
(424455265, 'ALBENZA', 'AGUETTANT', 'Pseudoefedrina', 'blister x 10', 0, 0),
(459896864, 'SORIATANE', 'IRISFARMA, S.A.', 'Oximetazolina', '200 ml', 0, 20),
(485601565, 'DIFFERIN', 'IRISFARMA, S.A.', 'Adenosina', 'blister x 10', 1, 5),
(527740226, 'ORENCIA', 'AGUETTANT', 'Paclitaxel', '200 ml', 0, 20),
(577446509, 'REOPRO', 'AIR LIQUIDE MEDICINAL', 'Zafirlukast', 'blister x 10', 0, 10),
(603842013, 'TYLENOL', 'IRISFARMA, S.A.', 'Ketorolaco', '200 ml', 0, 5),
(690926960, 'DIAMOX', 'AIR LIQUIDE MEDICINAL', 'Amprenavir', 'blister x 10', 1, 30),
(740872794, 'ACTH', 'AGUETTANT', 'Pemirolast', 'blister x 10', 1, 0);


INSERT INTO `recetas` (`ID`, `fecha`) VALUES
(1, '2019-03-15'),
(2, '2019-03-15'),
(3, '2019-02-24'),
(4, '2019-01-16');

INSERT INTO `recibe` (`Usuarios_CI`, `recetas_ID`) VALUES
(12345678, 1),
(12345678, 2),
(12345678, 3),
(45751220, 4);


INSERT INTO `sesiones` (`ID`, `fechahora`, `estado`) VALUES
(1, '06-03-2019 08:00', 'abierto'),
(2, '06-03-2019 08:05', 'abierto'),
(3, '06-03-2019 08:10', 'abierto'),
(4, '06-03-2019 08:15', 'abierto'),
(5, '06-03-2019 08:20', 'abierto'),
(6, '06-03-2019 08:25', 'abierto'),
(7, '06-03-2019 08:30', 'abierto'),
(8, '06-03-2019 08:35', 'abierto'),
(9, '06-03-2019 08:40', 'abierto'),
(10, '06-03-2019 08:45', 'abierto'),
(11, '06-03-2019 08:50', 'abierto'),
(12, '06-03-2019 08:55', 'abierto'),
(13, '06-03-2019 09:00', 'abierto'),
(14, '06-03-2019 09:05', 'abierto'),
(15, '06-03-2019 09:10', 'abierto'),
(16, '06-03-2019 09:15', 'abierto'),
(17, '06-03-2019 09:20', 'abierto'),
(18, '06-03-2019 09:25', 'abierto'),
(19, '06-03-2019 09:30', 'abierto'),
(20, '06-03-2019 09:35', 'abierto'),
(21, '06-03-2019 09:40', 'abierto'),
(22, '06-03-2019 09:45', 'abierto'),
(23, '06-03-2019 09:50', 'abierto'),
(24, '06-03-2019 09:55', 'abierto'),
(25, '06-03-2019 10:00', 'abierto'),
(26, '06-03-2019 10:05', 'abierto'),
(27, '06-03-2019 10:10', 'abierto'),
(28, '06-03-2019 10:15', 'abierto'),
(29, '06-03-2019 10:20', 'abierto'),
(30, '06-03-2019 10:25', 'abierto'),
(31, '06-03-2019 10:30', 'abierto'),
(32, '06-03-2019 10:35', 'abierto'),
(33, '06-03-2019 10:40', 'abierto'),
(34, '06-03-2019 10:45', 'abierto'),
(35, '06-03-2019 10:50', 'abierto'),
(36, '06-03-2019 10:55', 'abierto'),
(37, '06-03-2019 11:00', 'abierto'),
(38, '06-03-2019 11:05', 'abierto'),
(39, '06-03-2019 11:10', 'abierto'),
(40, '06-03-2019 11:15', 'abierto'),
(41, '06-03-2019 11:20', 'abierto'),
(42, '06-03-2019 11:25', 'abierto'),
(43, '06-03-2019 11:30', 'abierto'),
(44, '06-03-2019 11:35', 'abierto'),
(45, '06-03-2019 11:40', 'abierto'),
(46, '06-03-2019 11:45', 'abierto'),
(47, '06-03-2019 11:50', 'abierto'),
(48, '06-03-2019 11:55', 'abierto'),
(49, '06-03-2019 12:00', 'abierto'),
(50, '06-03-2019 12:05', 'abierto'),
(51, '06-03-2019 12:10', 'abierto'),
(52, '06-03-2019 12:15', 'abierto'),
(53, '06-03-2019 12:20', 'abierto'),
(54, '06-03-2019 12:25', 'abierto'),
(55, '06-03-2019 12:30', 'abierto'),
(56, '06-03-2019 12:35', 'abierto'),
(57, '06-03-2019 12:40', 'abierto'),
(58, '06-03-2019 12:45', 'abierto'),
(59, '06-03-2019 12:50', 'abierto'),
(60, '06-03-2019 12:55', 'abierto'),
(61, '06-03-2019 13:00', 'abierto'),
(62, '06-03-2019 13:05', 'abierto'),
(63, '06-03-2019 13:10', 'abierto'),
(64, '06-03-2019 13:15', 'abierto'),
(65, '06-03-2019 13:20', 'abierto'),
(66, '06-03-2019 13:25', 'abierto'),
(67, '06-03-2019 13:30', 'abierto'),
(68, '06-03-2019 13:35', 'abierto'),
(69, '06-03-2019 13:40', 'abierto'),
(70, '06-03-2019 13:45', 'abierto'),
(71, '06-03-2019 13:50', 'abierto'),
(72, '06-03-2019 13:55', 'abierto'),
(73, '06-03-2019 14:00', 'abierto'),
(74, '06-03-2019 14:05', 'abierto'),
(75, '06-03-2019 14:10', 'abierto'),
(76, '06-03-2019 14:15', 'abierto'),
(77, '06-03-2019 14:20', 'abierto'),
(78, '06-03-2019 14:25', 'abierto'),
(79, '06-03-2019 14:30', 'abierto'),
(80, '06-03-2019 14:35', 'abierto'),
(81, '06-03-2019 14:40', 'abierto'),
(82, '06-03-2019 14:45', 'abierto'),
(83, '06-03-2019 14:50', 'abierto'),
(84, '06-03-2019 14:55', 'abierto'),
(85, '06-03-2019 15:00', 'abierto'),
(86, '06-03-2019 15:05', 'abierto'),
(87, '06-03-2019 15:10', 'abierto'),
(88, '06-03-2019 15:15', 'abierto'),
(89, '06-03-2019 15:20', 'abierto'),
(90, '06-03-2019 15:25', 'abierto'),
(91, '06-03-2019 15:30', 'abierto'),
(92, '06-03-2019 15:35', 'abierto'),
(93, '06-03-2019 15:40', 'abierto'),
(94, '06-03-2019 15:45', 'abierto'),
(95, '06-03-2019 15:50', 'abierto'),
(96, '06-03-2019 15:55', 'abierto'),
(97, '06-03-2019 16:00', 'abierto'),
(98, '06-03-2019 16:05', 'abierto'),
(99, '06-03-2019 16:10', 'abierto'),
(100, '06-03-2019 16:15', 'abierto'),
(101, '06-03-2019 16:20', 'abierto'),
(102, '06-03-2019 16:25', 'abierto'),
(103, '06-03-2019 16:30', 'abierto'),
(104, '06-03-2019 16:35', 'abierto'),
(105, '06-03-2019 16:40', 'abierto'),
(106, '06-03-2019 16:45', 'abierto'),
(107, '06-03-2019 16:50', 'abierto'),
(108, '06-03-2019 16:55', 'abierto'),
(109, '06-03-2019 17:00', 'abierto'),
(110, '06-03-2019 17:05', 'abierto'),
(111, '06-03-2019 17:10', 'abierto'),
(112, '06-03-2019 17:15', 'abierto'),
(113, '06-03-2019 17:20', 'abierto'),
(114, '06-03-2019 17:25', 'abierto'),
(115, '06-03-2019 17:30', 'abierto'),
(116, '06-03-2019 17:35', 'abierto'),
(117, '06-03-2019 17:40', 'abierto'),
(118, '06-03-2019 17:45', 'abierto'),
(119, '06-03-2019 17:50', 'abierto'),
(120, '06-03-2019 17:55', 'abierto'),
(121, '06-03-2019 18:00', 'abierto'),
(122, '06-03-2019 18:05', 'abierto'),
(123, '06-03-2019 18:10', 'abierto'),
(124, '06-03-2019 18:15', 'abierto'),
(125, '06-03-2019 18:20', 'abierto'),
(126, '06-03-2019 18:25', 'abierto'),
(127, '06-03-2019 18:30', 'abierto'),
(128, '06-03-2019 18:35', 'abierto'),
(129, '06-03-2019 18:40', 'abierto'),
(130, '06-03-2019 18:45', 'abierto'),
(131, '06-03-2019 18:50', 'abierto'),
(132, '06-03-2019 18:55', 'abierto'),
(133, '06-03-2019 19:00', 'abierto'),
(134, '07-03-2019 08:00', 'abierto'),
(135, '07-03-2019 08:05', 'abierto'),
(136, '07-03-2019 08:10', 'abierto'),
(137, '07-03-2019 08:15', 'abierto'),
(138, '07-03-2019 08:20', 'abierto'),
(139, '07-03-2019 08:25', 'abierto'),
(140, '07-03-2019 08:30', 'abierto'),
(141, '07-03-2019 08:35', 'abierto'),
(142, '07-03-2019 08:40', 'abierto'),
(143, '07-03-2019 08:45', 'abierto'),
(144, '07-03-2019 08:50', 'abierto'),
(145, '07-03-2019 08:55', 'abierto'),
(146, '07-03-2019 09:00', 'abierto'),
(147, '07-03-2019 09:05', 'abierto'),
(148, '07-03-2019 09:10', 'abierto'),
(149, '07-03-2019 09:15', 'abierto'),
(150, '07-03-2019 09:20', 'abierto'),
(151, '07-03-2019 09:25', 'abierto'),
(152, '07-03-2019 09:30', 'abierto'),
(153, '07-03-2019 09:35', 'abierto'),
(154, '07-03-2019 09:40', 'abierto'),
(155, '07-03-2019 09:45', 'abierto'),
(156, '07-03-2019 09:50', 'abierto'),
(157, '07-03-2019 09:55', 'abierto'),
(158, '07-03-2019 10:00', 'abierto'),
(159, '07-03-2019 10:05', 'abierto'),
(160, '07-03-2019 10:10', 'abierto'),
(161, '07-03-2019 10:15', 'abierto'),
(162, '07-03-2019 10:20', 'abierto'),
(163, '07-03-2019 10:25', 'abierto'),
(164, '07-03-2019 10:30', 'abierto'),
(165, '07-03-2019 10:35', 'abierto'),
(166, '07-03-2019 10:40', 'abierto'),
(167, '07-03-2019 10:45', 'abierto'),
(168, '07-03-2019 10:50', 'abierto'),
(169, '07-03-2019 10:55', 'abierto'),
(170, '07-03-2019 11:00', 'abierto'),
(171, '07-03-2019 11:05', 'abierto'),
(172, '07-03-2019 11:10', 'abierto'),
(173, '07-03-2019 11:15', 'abierto'),
(174, '07-03-2019 11:20', 'abierto'),
(175, '07-03-2019 11:25', 'abierto'),
(176, '07-03-2019 11:30', 'abierto'),
(177, '07-03-2019 11:35', 'abierto'),
(178, '07-03-2019 11:40', 'abierto'),
(179, '07-03-2019 11:45', 'abierto'),
(180, '07-03-2019 11:50', 'abierto'),
(181, '07-03-2019 11:55', 'abierto'),
(182, '07-03-2019 12:00', 'abierto'),
(183, '07-03-2019 12:05', 'abierto'),
(184, '07-03-2019 12:10', 'abierto'),
(185, '07-03-2019 12:15', 'abierto'),
(186, '07-03-2019 12:20', 'abierto'),
(187, '07-03-2019 12:25', 'abierto'),
(188, '07-03-2019 12:30', 'abierto'),
(189, '07-03-2019 12:35', 'abierto'),
(190, '07-03-2019 12:40', 'abierto'),
(191, '07-03-2019 12:45', 'abierto'),
(192, '07-03-2019 12:50', 'abierto'),
(193, '07-03-2019 12:55', 'abierto'),
(194, '07-03-2019 13:00', 'abierto'),
(195, '07-03-2019 13:05', 'abierto'),
(196, '07-03-2019 13:10', 'abierto'),
(197, '07-03-2019 13:15', 'abierto'),
(198, '07-03-2019 13:20', 'abierto'),
(199, '07-03-2019 13:25', 'abierto'),
(200, '07-03-2019 13:30', 'abierto'),
(201, '07-03-2019 13:35', 'abierto'),
(202, '07-03-2019 13:40', 'abierto'),
(203, '07-03-2019 13:45', 'abierto'),
(204, '07-03-2019 13:50', 'abierto'),
(205, '07-03-2019 13:55', 'abierto'),
(206, '07-03-2019 14:00', 'abierto'),
(207, '07-03-2019 14:05', 'abierto'),
(208, '07-03-2019 14:10', 'abierto'),
(209, '07-03-2019 14:15', 'abierto'),
(210, '07-03-2019 14:20', 'abierto'),
(211, '07-03-2019 14:25', 'abierto'),
(212, '07-03-2019 14:30', 'abierto'),
(213, '07-03-2019 14:35', 'abierto'),
(214, '07-03-2019 14:40', 'abierto'),
(215, '07-03-2019 14:45', 'abierto'),
(216, '07-03-2019 14:50', 'abierto'),
(217, '07-03-2019 14:55', 'abierto'),
(218, '07-03-2019 15:00', 'abierto'),
(219, '07-03-2019 15:05', 'abierto'),
(220, '07-03-2019 15:10', 'abierto'),
(221, '07-03-2019 15:15', 'abierto'),
(222, '07-03-2019 15:20', 'abierto'),
(223, '07-03-2019 15:25', 'abierto'),
(224, '07-03-2019 15:30', 'abierto'),
(225, '07-03-2019 15:35', 'abierto'),
(226, '07-03-2019 15:40', 'abierto'),
(227, '07-03-2019 15:45', 'abierto'),
(228, '07-03-2019 15:50', 'abierto'),
(229, '07-03-2019 15:55', 'abierto'),
(230, '07-03-2019 16:00', 'abierto'),
(231, '07-03-2019 16:05', 'abierto'),
(232, '07-03-2019 16:10', 'abierto'),
(233, '07-03-2019 16:15', 'abierto'),
(234, '07-03-2019 16:20', 'abierto'),
(235, '07-03-2019 16:25', 'abierto'),
(236, '07-03-2019 16:30', 'abierto'),
(237, '07-03-2019 16:35', 'abierto'),
(238, '07-03-2019 16:40', 'abierto'),
(239, '07-03-2019 16:45', 'abierto'),
(240, '07-03-2019 16:50', 'abierto'),
(241, '07-03-2019 16:55', 'abierto'),
(242, '07-03-2019 17:00', 'abierto'),
(243, '07-03-2019 17:05', 'abierto'),
(244, '07-03-2019 17:10', 'abierto'),
(245, '07-03-2019 17:15', 'abierto'),
(246, '07-03-2019 17:20', 'abierto'),
(247, '07-03-2019 17:25', 'abierto'),
(248, '07-03-2019 17:30', 'abierto'),
(249, '07-03-2019 17:35', 'abierto'),
(250, '07-03-2019 17:40', 'abierto'),
(251, '07-03-2019 17:45', 'abierto'),
(252, '07-03-2019 17:50', 'abierto'),
(253, '07-03-2019 17:55', 'abierto'),
(254, '07-03-2019 18:00', 'abierto'),
(255, '07-03-2019 18:05', 'abierto'),
(256, '07-03-2019 18:10', 'abierto'),
(257, '07-03-2019 18:15', 'abierto'),
(258, '07-03-2019 18:20', 'abierto'),
(259, '07-03-2019 18:25', 'abierto'),
(260, '07-03-2019 18:30', 'abierto'),
(261, '07-03-2019 18:35', 'abierto'),
(262, '07-03-2019 18:40', 'abierto'),
(263, '07-03-2019 18:45', 'abierto'),
(264, '07-03-2019 18:50', 'abierto'),
(265, '07-03-2019 18:55', 'abierto'),
(266, '07-03-2019 19:00', 'abierto'),
(267, '08-03-2019 08:00', 'abierto'),
(268, '08-03-2019 08:05', 'abierto'),
(269, '08-03-2019 08:10', 'abierto'),
(270, '08-03-2019 08:15', 'abierto'),
(271, '08-03-2019 08:20', 'abierto'),
(272, '08-03-2019 08:25', 'abierto'),
(273, '08-03-2019 08:30', 'abierto'),
(274, '08-03-2019 08:35', 'abierto'),
(275, '08-03-2019 08:40', 'abierto'),
(276, '08-03-2019 08:45', 'abierto'),
(277, '08-03-2019 08:50', 'abierto'),
(278, '08-03-2019 08:55', 'abierto'),
(279, '08-03-2019 09:00', 'abierto'),
(280, '08-03-2019 09:05', 'abierto'),
(281, '08-03-2019 09:10', 'abierto'),
(282, '08-03-2019 09:15', 'abierto'),
(283, '08-03-2019 09:20', 'abierto'),
(284, '08-03-2019 09:25', 'abierto'),
(285, '08-03-2019 09:30', 'abierto'),
(286, '08-03-2019 09:35', 'abierto'),
(287, '08-03-2019 09:40', 'abierto'),
(288, '08-03-2019 09:45', 'abierto'),
(289, '08-03-2019 09:50', 'abierto'),
(290, '08-03-2019 09:55', 'abierto'),
(291, '08-03-2019 10:00', 'abierto'),
(292, '08-03-2019 10:05', 'abierto'),
(293, '08-03-2019 10:10', 'abierto'),
(294, '08-03-2019 10:15', 'abierto'),
(295, '08-03-2019 10:20', 'abierto'),
(296, '08-03-2019 10:25', 'abierto'),
(297, '08-03-2019 10:30', 'abierto'),
(298, '08-03-2019 10:35', 'abierto'),
(299, '08-03-2019 10:40', 'abierto'),
(300, '08-03-2019 10:45', 'abierto'),
(301, '08-03-2019 10:50', 'abierto'),
(302, '08-03-2019 10:55', 'abierto'),
(303, '08-03-2019 11:00', 'abierto'),
(304, '08-03-2019 11:05', 'abierto'),
(305, '08-03-2019 11:10', 'abierto'),
(306, '08-03-2019 11:15', 'abierto'),
(307, '08-03-2019 11:20', 'abierto'),
(308, '08-03-2019 11:25', 'abierto'),
(309, '08-03-2019 11:30', 'abierto'),
(310, '08-03-2019 11:35', 'abierto'),
(311, '08-03-2019 11:40', 'abierto'),
(312, '08-03-2019 11:45', 'abierto'),
(313, '08-03-2019 11:50', 'abierto'),
(314, '08-03-2019 11:55', 'abierto'),
(315, '08-03-2019 12:00', 'abierto'),
(316, '08-03-2019 12:05', 'abierto'),
(317, '08-03-2019 12:10', 'abierto'),
(318, '08-03-2019 12:15', 'abierto'),
(319, '08-03-2019 12:20', 'abierto'),
(320, '08-03-2019 12:25', 'abierto'),
(321, '08-03-2019 12:30', 'abierto'),
(322, '08-03-2019 12:35', 'abierto'),
(323, '08-03-2019 12:40', 'abierto'),
(324, '08-03-2019 12:45', 'abierto'),
(325, '08-03-2019 12:50', 'abierto'),
(326, '08-03-2019 12:55', 'abierto'),
(327, '08-03-2019 13:00', 'abierto'),
(328, '08-03-2019 13:05', 'abierto'),
(329, '08-03-2019 13:10', 'abierto'),
(330, '08-03-2019 13:15', 'abierto'),
(331, '08-03-2019 13:20', 'abierto'),
(332, '08-03-2019 13:25', 'abierto'),
(333, '08-03-2019 13:30', 'abierto'),
(334, '08-03-2019 13:35', 'abierto'),
(335, '08-03-2019 13:40', 'abierto'),
(336, '08-03-2019 13:45', 'abierto'),
(337, '08-03-2019 13:50', 'abierto'),
(338, '08-03-2019 13:55', 'abierto'),
(339, '08-03-2019 14:00', 'abierto'),
(340, '08-03-2019 14:05', 'abierto'),
(341, '08-03-2019 14:10', 'abierto'),
(342, '08-03-2019 14:15', 'abierto'),
(343, '08-03-2019 14:20', 'abierto'),
(344, '08-03-2019 14:25', 'abierto'),
(345, '08-03-2019 14:30', 'abierto'),
(346, '08-03-2019 14:35', 'abierto'),
(347, '08-03-2019 14:40', 'abierto'),
(348, '08-03-2019 14:45', 'abierto'),
(349, '08-03-2019 14:50', 'abierto'),
(350, '08-03-2019 14:55', 'abierto'),
(351, '08-03-2019 15:00', 'abierto'),
(352, '08-03-2019 15:05', 'abierto'),
(353, '08-03-2019 15:10', 'abierto'),
(354, '08-03-2019 15:15', 'abierto'),
(355, '08-03-2019 15:20', 'abierto'),
(356, '08-03-2019 15:25', 'abierto'),
(357, '08-03-2019 15:30', 'abierto'),
(358, '08-03-2019 15:35', 'abierto'),
(359, '08-03-2019 15:40', 'abierto'),
(360, '08-03-2019 15:45', 'abierto'),
(361, '08-03-2019 15:50', 'abierto'),
(362, '08-03-2019 15:55', 'abierto'),
(363, '08-03-2019 16:00', 'abierto'),
(364, '08-03-2019 16:05', 'abierto'),
(365, '08-03-2019 16:10', 'abierto'),
(366, '08-03-2019 16:15', 'abierto'),
(367, '08-03-2019 16:20', 'abierto'),
(368, '08-03-2019 16:25', 'abierto'),
(369, '08-03-2019 16:30', 'abierto'),
(370, '08-03-2019 16:35', 'abierto'),
(371, '08-03-2019 16:40', 'abierto'),
(372, '08-03-2019 16:45', 'abierto'),
(373, '08-03-2019 16:50', 'abierto'),
(374, '08-03-2019 16:55', 'abierto'),
(375, '08-03-2019 17:00', 'abierto'),
(376, '08-03-2019 17:05', 'abierto'),
(377, '08-03-2019 17:10', 'abierto'),
(378, '08-03-2019 17:15', 'abierto'),
(379, '08-03-2019 17:20', 'abierto'),
(380, '08-03-2019 17:25', 'abierto'),
(381, '08-03-2019 17:30', 'abierto'),
(382, '08-03-2019 17:35', 'abierto'),
(383, '08-03-2019 17:40', 'abierto'),
(384, '08-03-2019 17:45', 'abierto'),
(385, '08-03-2019 17:50', 'abierto'),
(386, '08-03-2019 17:55', 'abierto'),
(387, '08-03-2019 18:00', 'abierto'),
(388, '08-03-2019 18:05', 'abierto'),
(389, '08-03-2019 18:10', 'abierto'),
(390, '08-03-2019 18:15', 'abierto'),
(391, '08-03-2019 18:20', 'abierto'),
(392, '08-03-2019 18:25', 'abierto'),
(393, '08-03-2019 18:30', 'abierto'),
(394, '08-03-2019 18:35', 'abierto'),
(395, '08-03-2019 18:40', 'abierto'),
(396, '08-03-2019 18:45', 'abierto'),
(397, '08-03-2019 18:50', 'abierto'),
(398, '08-03-2019 18:55', 'abierto'),
(399, '08-03-2019 19:00', 'abierto');


CREATE TABLE `turnos` (
  `ID` int(11) NOT NULL,
  `fechahora` datetime NOT NULL,
  `estado` enum('confirmado','cancelado','usado','abierto') NOT NULL DEFAULT 'abierto'
) ENGINE=InnoDB DEFAULT CHARSET=utf8;



INSERT INTO `turnos` (`ID`, `fechahora`, `estado`) VALUES
(1, '2019-03-25 08:00:00', 'cancelado'),
(2, '2019-03-25 08:10:00', 'cancelado'),
(3, '2019-03-25 08:20:00', 'confirmado'),
(4, '2019-03-25 08:30:00', 'abierto'),
(5, '2019-03-25 08:40:00', 'abierto'),
(6, '2019-03-25 08:50:00', 'abierto'),
(7, '2019-03-25 09:00:00', 'abierto'),
(8, '2019-03-25 09:10:00', 'abierto'),
(9, '2019-03-25 09:20:00', 'abierto'),
(10, '2019-03-25 09:30:00', 'abierto'),
(11, '2019-03-25 09:40:00', 'abierto'),
(12, '2019-03-25 09:50:00', 'abierto'),
(13, '2019-03-25 10:00:00', 'abierto'),
(14, '2019-03-25 10:10:00', 'abierto'),
(15, '2019-03-25 10:20:00', 'abierto'),
(16, '2019-03-25 10:30:00', 'abierto'),
(17, '2019-03-25 10:40:00', 'abierto'),
(18, '2019-03-25 10:50:00', 'abierto'),
(19, '2019-03-25 11:00:00', 'abierto'),
(20, '2019-03-25 11:10:00', 'abierto'),
(21, '2019-03-25 11:20:00', 'abierto'),
(22, '2019-03-25 11:30:00', 'abierto'),
(23, '2019-03-25 11:40:00', 'abierto'),
(24, '2019-03-25 11:50:00', 'abierto'),
(25, '2019-03-25 12:00:00', 'abierto'),
(26, '2019-03-25 14:00:00', 'abierto'),
(27, '2019-03-25 14:10:00', 'abierto'),
(28, '2019-03-25 14:20:00', 'abierto'),
(29, '2019-03-25 14:30:00', 'abierto'),
(30, '2019-03-25 14:40:00', 'abierto'),
(31, '2019-03-25 14:50:00', 'abierto'),
(32, '2019-03-25 15:00:00', 'abierto'),
(33, '2019-03-25 15:10:00', 'abierto'),
(34, '2019-03-25 15:20:00', 'abierto'),
(35, '2019-03-25 15:30:00', 'abierto'),
(36, '2019-03-25 15:40:00', 'abierto'),
(37, '2019-03-25 15:50:00', 'abierto'),
(38, '2019-03-25 16:00:00', 'abierto'),
(39, '2019-03-25 16:10:00', 'abierto'),
(40, '2019-03-25 16:20:00', 'abierto'),
(41, '2019-03-25 16:30:00', 'abierto'),
(42, '2019-03-25 16:40:00', 'abierto'),
(43, '2019-03-25 16:50:00', 'abierto'),
(44, '2019-03-25 17:00:00', 'abierto'),
(45, '2019-03-25 17:10:00', 'abierto'),
(46, '2019-03-25 17:20:00', 'abierto'),
(47, '2019-03-25 17:30:00', 'abierto'),
(48, '2019-03-25 17:40:00', 'abierto'),
(49, '2019-03-25 17:50:00', 'abierto'),
(50, '2019-03-25 18:00:00', 'abierto'),
(51, '2019-03-25 18:10:00', 'abierto'),
(52, '2019-03-25 18:20:00', 'abierto'),
(53, '2019-03-25 18:30:00', 'abierto'),
(54, '2019-03-25 18:40:00', 'abierto'),
(55, '2019-03-25 18:50:00', 'abierto'),
(56, '2019-03-25 19:00:00', 'abierto'),
(57, '2019-03-26 08:00:00', 'abierto'),
(58, '2019-03-26 08:10:00', 'abierto'),
(59, '2019-03-26 08:20:00', 'abierto'),
(60, '2019-03-26 08:30:00', 'abierto'),
(61, '2019-03-26 08:40:00', 'abierto'),
(62, '2019-03-26 08:50:00', 'abierto'),
(63, '2019-03-26 09:00:00', 'abierto'),
(64, '2019-03-26 09:10:00', 'abierto'),
(65, '2019-03-26 09:20:00', 'abierto'),
(66, '2019-03-26 09:30:00', 'abierto'),
(67, '2019-03-26 09:40:00', 'abierto'),
(68, '2019-03-26 09:50:00', 'abierto'),
(69, '2019-03-26 10:00:00', 'abierto'),
(70, '2019-03-26 10:10:00', 'abierto'),
(71, '2019-03-26 10:20:00', 'abierto'),
(72, '2019-03-26 10:30:00', 'abierto'),
(73, '2019-03-26 10:40:00', 'abierto'),
(74, '2019-03-26 10:50:00', 'abierto'),
(75, '2019-03-26 11:00:00', 'abierto'),
(76, '2019-03-26 11:10:00', 'abierto'),
(77, '2019-03-26 11:20:00', 'abierto'),
(78, '2019-03-26 11:30:00', 'abierto'),
(79, '2019-03-26 11:40:00', 'abierto'),
(80, '2019-03-26 11:50:00', 'abierto'),
(81, '2019-03-26 12:00:00', 'abierto'),
(82, '2019-03-26 14:00:00', 'abierto'),
(83, '2019-03-26 14:10:00', 'abierto'),
(84, '2019-03-26 14:20:00', 'abierto'),
(85, '2019-03-26 14:30:00', 'abierto'),
(86, '2019-03-26 14:40:00', 'abierto'),
(87, '2019-03-26 14:50:00', 'abierto'),
(88, '2019-03-26 15:00:00', 'abierto'),
(89, '2019-03-26 15:10:00', 'abierto'),
(90, '2019-03-26 15:20:00', 'abierto'),
(91, '2019-03-26 15:30:00', 'abierto'),
(92, '2019-03-26 15:40:00', 'abierto'),
(93, '2019-03-26 15:50:00', 'abierto'),
(94, '2019-03-26 16:00:00', 'abierto'),
(95, '2019-03-26 16:10:00', 'abierto'),
(96, '2019-03-26 16:20:00', 'abierto'),
(97, '2019-03-26 16:30:00', 'abierto'),
(98, '2019-03-26 16:40:00', 'abierto'),
(99, '2019-03-26 16:50:00', 'abierto'),
(100, '2019-03-26 17:00:00', 'abierto'),
(101, '2019-03-26 17:10:00', 'abierto'),
(102, '2019-03-26 17:20:00', 'abierto'),
(103, '2019-03-26 17:30:00', 'abierto'),
(104, '2019-03-26 17:40:00', 'abierto'),
(105, '2019-03-26 17:50:00', 'abierto'),
(106, '2019-03-26 18:00:00', 'abierto'),
(107, '2019-03-26 18:10:00', 'abierto'),
(108, '2019-03-26 18:20:00', 'abierto'),
(109, '2019-03-26 18:30:00', 'abierto'),
(110, '2019-03-26 18:40:00', 'abierto'),
(111, '2019-03-26 18:50:00', 'abierto'),
(112, '2019-03-26 19:00:00', 'abierto'),
(113, '2019-03-27 08:00:00', 'abierto'),
(114, '2019-03-27 08:10:00', 'abierto'),
(115, '2019-03-27 08:20:00', 'abierto'),
(116, '2019-03-27 08:30:00', 'abierto'),
(117, '2019-03-27 08:40:00', 'abierto'),
(118, '2019-03-27 08:50:00', 'abierto'),
(119, '2019-03-27 09:00:00', 'abierto'),
(120, '2019-03-27 09:10:00', 'abierto'),
(121, '2019-03-27 09:20:00', 'abierto'),
(122, '2019-03-27 09:30:00', 'abierto'),
(123, '2019-03-27 09:40:00', 'abierto'),
(124, '2019-03-27 09:50:00', 'abierto'),
(125, '2019-03-27 10:00:00', 'abierto'),
(126, '2019-03-27 10:10:00', 'abierto'),
(127, '2019-03-27 10:20:00', 'abierto'),
(128, '2019-03-27 10:30:00', 'abierto'),
(129, '2019-03-27 10:40:00', 'abierto'),
(130, '2019-03-27 10:50:00', 'abierto'),
(131, '2019-03-27 11:00:00', 'abierto'),
(132, '2019-03-27 11:10:00', 'abierto'),
(133, '2019-03-27 11:20:00', 'abierto'),
(134, '2019-03-27 11:30:00', 'abierto'),
(135, '2019-03-27 11:40:00', 'abierto'),
(136, '2019-03-27 11:50:00', 'abierto'),
(137, '2019-03-27 12:00:00', 'abierto'),
(138, '2019-03-27 14:00:00', 'abierto'),
(139, '2019-03-27 14:10:00', 'abierto'),
(140, '2019-03-27 14:20:00', 'abierto'),
(141, '2019-03-27 14:30:00', 'abierto'),
(142, '2019-03-27 14:40:00', 'abierto'),
(143, '2019-03-27 14:50:00', 'abierto'),
(144, '2019-03-27 15:00:00', 'abierto'),
(145, '2019-03-27 15:10:00', 'abierto'),
(146, '2019-03-27 15:20:00', 'abierto'),
(147, '2019-03-27 15:30:00', 'abierto'),
(148, '2019-03-27 15:40:00', 'abierto'),
(149, '2019-03-27 15:50:00', 'abierto'),
(150, '2019-03-27 16:00:00', 'abierto'),
(151, '2019-03-27 16:10:00', 'abierto'),
(152, '2019-03-27 16:20:00', 'abierto'),
(153, '2019-03-27 16:30:00', 'abierto'),
(154, '2019-03-27 16:40:00', 'abierto'),
(155, '2019-03-27 16:50:00', 'abierto'),
(156, '2019-03-27 17:00:00', 'abierto'),
(157, '2019-03-27 17:10:00', 'abierto'),
(158, '2019-03-27 17:20:00', 'abierto'),
(159, '2019-03-27 17:30:00', 'abierto'),
(160, '2019-03-27 17:40:00', 'abierto'),
(161, '2019-03-27 17:50:00', 'abierto'),
(162, '2019-03-27 18:00:00', 'abierto'),
(163, '2019-03-27 18:10:00', 'abierto'),
(164, '2019-03-27 18:20:00', 'abierto'),
(165, '2019-03-27 18:30:00', 'abierto'),
(166, '2019-03-27 18:40:00', 'abierto'),
(167, '2019-03-27 18:50:00', 'abierto'),
(168, '2019-03-27 19:00:00', 'abierto'),
(169, '2019-03-28 08:00:00', 'abierto'),
(170, '2019-03-28 08:10:00', 'abierto'),
(171, '2019-03-28 08:20:00', 'abierto'),
(172, '2019-03-28 08:30:00', 'abierto'),
(173, '2019-03-28 08:40:00', 'abierto'),
(174, '2019-03-28 08:50:00', 'abierto'),
(175, '2019-03-28 09:00:00', 'abierto'),
(176, '2019-03-28 09:10:00', 'abierto'),
(177, '2019-03-28 09:20:00', 'abierto'),
(178, '2019-03-28 09:30:00', 'abierto'),
(179, '2019-03-28 09:40:00', 'abierto'),
(180, '2019-03-28 09:50:00', 'abierto'),
(181, '2019-03-28 10:00:00', 'abierto'),
(182, '2019-03-28 10:10:00', 'abierto'),
(183, '2019-03-28 10:20:00', 'abierto'),
(184, '2019-03-28 10:30:00', 'abierto'),
(185, '2019-03-28 10:40:00', 'abierto'),
(186, '2019-03-28 10:50:00', 'abierto'),
(187, '2019-03-28 11:00:00', 'abierto'),
(188, '2019-03-28 11:10:00', 'abierto'),
(189, '2019-03-28 11:20:00', 'abierto'),
(190, '2019-03-28 11:30:00', 'abierto'),
(191, '2019-03-28 11:40:00', 'abierto'),
(192, '2019-03-28 11:50:00', 'abierto'),
(193, '2019-03-28 12:00:00', 'abierto'),
(194, '2019-03-28 14:00:00', 'abierto'),
(195, '2019-03-28 14:10:00', 'abierto'),
(196, '2019-03-28 14:20:00', 'abierto'),
(197, '2019-03-28 14:30:00', 'abierto'),
(198, '2019-03-28 14:40:00', 'abierto'),
(199, '2019-03-28 14:50:00', 'abierto'),
(200, '2019-03-28 15:00:00', 'abierto'),
(201, '2019-03-28 15:10:00', 'abierto'),
(202, '2019-03-28 15:20:00', 'abierto'),
(203, '2019-03-28 15:30:00', 'abierto'),
(204, '2019-03-28 15:40:00', 'abierto'),
(205, '2019-03-28 15:50:00', 'abierto'),
(206, '2019-03-28 16:00:00', 'abierto'),
(207, '2019-03-28 16:10:00', 'abierto'),
(208, '2019-03-28 16:20:00', 'abierto'),
(209, '2019-03-28 16:30:00', 'abierto'),
(210, '2019-03-28 16:40:00', 'abierto'),
(211, '2019-03-28 16:50:00', 'abierto'),
(212, '2019-03-28 17:00:00', 'abierto'),
(213, '2019-03-28 17:10:00', 'abierto'),
(214, '2019-03-28 17:20:00', 'abierto'),
(215, '2019-03-28 17:30:00', 'abierto'),
(216, '2019-03-28 17:40:00', 'abierto'),
(217, '2019-03-28 17:50:00', 'abierto'),
(218, '2019-03-28 18:00:00', 'abierto'),
(219, '2019-03-28 18:10:00', 'abierto'),
(220, '2019-03-28 18:20:00', 'abierto'),
(221, '2019-03-28 18:30:00', 'abierto'),
(222, '2019-03-28 18:40:00', 'abierto'),
(223, '2019-03-28 18:50:00', 'abierto'),
(224, '2019-03-28 19:00:00', 'abierto'),
(225, '2019-03-29 08:00:00', 'abierto'),
(226, '2019-03-29 08:10:00', 'abierto'),
(227, '2019-03-29 08:20:00', 'abierto'),
(228, '2019-03-29 08:30:00', 'abierto'),
(229, '2019-03-29 08:40:00', 'abierto'),
(230, '2019-03-29 08:50:00', 'abierto'),
(231, '2019-03-29 09:00:00', 'abierto'),
(232, '2019-03-29 09:10:00', 'abierto'),
(233, '2019-03-29 09:20:00', 'abierto'),
(234, '2019-03-29 09:30:00', 'abierto'),
(235, '2019-03-29 09:40:00', 'abierto'),
(236, '2019-03-29 09:50:00', 'abierto'),
(237, '2019-03-29 10:00:00', 'abierto'),
(238, '2019-03-29 10:10:00', 'abierto'),
(239, '2019-03-29 10:20:00', 'abierto'),
(240, '2019-03-29 10:30:00', 'abierto'),
(241, '2019-03-29 10:40:00', 'abierto'),
(242, '2019-03-29 10:50:00', 'abierto'),
(243, '2019-03-29 11:00:00', 'abierto'),
(244, '2019-03-29 11:10:00', 'abierto'),
(245, '2019-03-29 11:20:00', 'abierto'),
(246, '2019-03-29 11:30:00', 'abierto'),
(247, '2019-03-29 11:40:00', 'abierto'),
(248, '2019-03-29 11:50:00', 'abierto'),
(249, '2019-03-29 12:00:00', 'abierto'),
(250, '2019-03-29 14:00:00', 'abierto'),
(251, '2019-03-29 14:10:00', 'abierto'),
(252, '2019-03-29 14:20:00', 'abierto'),
(253, '2019-03-29 14:30:00', 'abierto'),
(254, '2019-03-29 14:40:00', 'abierto'),
(255, '2019-03-29 14:50:00', 'abierto'),
(256, '2019-03-29 15:00:00', 'abierto'),
(257, '2019-03-29 15:10:00', 'abierto'),
(258, '2019-03-29 15:20:00', 'abierto'),
(259, '2019-03-29 15:30:00', 'abierto'),
(260, '2019-03-29 15:40:00', 'abierto'),
(261, '2019-03-29 15:50:00', 'abierto'),
(262, '2019-03-29 16:00:00', 'abierto'),
(263, '2019-03-29 16:10:00', 'abierto'),
(264, '2019-03-29 16:20:00', 'abierto'),
(265, '2019-03-29 16:30:00', 'abierto'),
(266, '2019-03-29 16:40:00', 'abierto'),
(267, '2019-03-29 16:50:00', 'abierto'),
(268, '2019-03-29 17:00:00', 'abierto'),
(269, '2019-03-29 17:10:00', 'abierto'),
(270, '2019-03-29 17:20:00', 'abierto'),
(271, '2019-03-29 17:30:00', 'abierto'),
(272, '2019-03-29 17:40:00', 'abierto'),
(273, '2019-03-29 17:50:00', 'abierto'),
(274, '2019-03-29 18:00:00', 'abierto'),
(275, '2019-03-29 18:10:00', 'abierto'),
(276, '2019-03-29 18:20:00', 'abierto'),
(277, '2019-03-29 18:30:00', 'abierto'),
(278, '2019-03-29 18:40:00', 'abierto'),
(279, '2019-03-29 18:50:00', 'abierto'),
(280, '2019-03-29 19:00:00', 'abierto'),
(281, '2019-03-30 08:00:00', 'abierto'),
(282, '2019-03-30 08:10:00', 'abierto'),
(283, '2019-03-30 08:20:00', 'abierto'),
(284, '2019-03-30 08:30:00', 'abierto'),
(285, '2019-03-30 08:40:00', 'abierto'),
(286, '2019-03-30 08:50:00', 'abierto'),
(287, '2019-03-30 09:00:00', 'abierto'),
(288, '2019-03-30 09:10:00', 'abierto'),
(289, '2019-03-30 09:20:00', 'abierto'),
(290, '2019-03-30 09:30:00', 'abierto'),
(291, '2019-03-30 09:40:00', 'abierto'),
(292, '2019-03-30 09:50:00', 'abierto'),
(293, '2019-03-30 10:00:00', 'abierto'),
(294, '2019-03-30 10:10:00', 'abierto'),
(295, '2019-03-30 10:20:00', 'abierto'),
(296, '2019-03-30 10:30:00', 'abierto'),
(297, '2019-03-30 10:40:00', 'abierto'),
(298, '2019-03-30 10:50:00', 'abierto'),
(299, '2019-03-30 11:00:00', 'abierto'),
(300, '2019-03-30 11:10:00', 'abierto'),
(301, '2019-03-30 11:20:00', 'abierto'),
(302, '2019-03-30 11:30:00', 'abierto'),
(303, '2019-03-30 11:40:00', 'abierto'),
(304, '2019-03-30 11:50:00', 'abierto'),
(305, '2019-03-30 12:00:00', 'abierto'),
(306, '2019-03-30 14:00:00', 'abierto'),
(307, '2019-03-30 14:10:00', 'abierto'),
(308, '2019-03-30 14:20:00', 'abierto'),
(309, '2019-03-30 14:30:00', 'abierto'),
(310, '2019-03-30 14:40:00', 'abierto'),
(311, '2019-03-30 14:50:00', 'abierto'),
(312, '2019-03-30 15:00:00', 'abierto'),
(313, '2019-03-30 15:10:00', 'abierto'),
(314, '2019-03-30 15:20:00', 'abierto'),
(315, '2019-03-30 15:30:00', 'abierto'),
(316, '2019-03-30 15:40:00', 'abierto'),
(317, '2019-03-30 15:50:00', 'abierto'),
(318, '2019-03-30 16:00:00', 'abierto'),
(319, '2019-03-30 16:10:00', 'abierto'),
(320, '2019-03-30 16:20:00', 'abierto'),
(321, '2019-03-30 16:30:00', 'abierto'),
(322, '2019-03-30 16:40:00', 'abierto'),
(323, '2019-03-30 16:50:00', 'abierto'),
(324, '2019-03-30 17:00:00', 'abierto'),
(325, '2019-03-30 17:10:00', 'abierto'),
(326, '2019-03-30 17:20:00', 'abierto'),
(327, '2019-03-30 17:30:00', 'abierto'),
(328, '2019-03-30 17:40:00', 'abierto'),
(329, '2019-03-30 17:50:00', 'abierto'),
(330, '2019-03-30 18:00:00', 'abierto'),
(331, '2019-03-30 18:10:00', 'abierto'),
(332, '2019-03-30 18:20:00', 'abierto'),
(333, '2019-03-30 18:30:00', 'abierto'),
(334, '2019-03-30 18:40:00', 'abierto'),
(335, '2019-03-30 18:50:00', 'abierto'),
(336, '2019-03-30 19:00:00', 'abierto');


INSERT INTO `usuarios` (`CI`, `Nombre`, `Apellido`, `Telefono`, `email`, `sal`, `hash`) VALUES
(1234578, 'Juan', 'Perez', '0000000000', 'algo@algo.com', '-4,-82,34,-105,5,51,-14,104,2,-31,22,-66,-104,73,-115,35', '4b5db8833203b5316d0b21cbae92958b'),
(12121212, 'fulano', 'de tal', '5454', 'erererer', '-26,-122,-47,-42,50,-75,-33,-66,-78,123,43,91,42,42,-120,46', 'ef65df8831550ce160a970198d26d75f'),
(12345678, 'Juan', 'Perez', '0000000000', 'algo@algo.com', '-28,-95,119,-14,-50,-57,-47,-97,4,-95,4,116,-80,-73,-71,30', '9ad47c18d503f9e90d85a65d9e279004'),
(23232323, 'jua', 'jua', '11111', '23232323', '-42,-76,51,4,18,18,-99,-3,37,13,-81,100,-39,49,-103,113', '80b56edd65d8422f145a7b162f821435'),
(45751220, 'Luis', 'Delosa', '46546546', 'algo@algo.com', '46,121,77,49,-74,-16,-99,44,80,53,64,1,-26,-33,104,84', '99faa4d826b955fa976309ec11171014'),
(45751221, 'Luis', 'Delosa', '46546546', 'algo@algo.com', '-10,-60,58,-25,-118,-103,25,50,-29,62,-42,-24,-13,-100,-19,28', '8a5a9b340cafb7a34f08b87dc4e3e727'),
(87654321, 'Juan', 'de los Palotes ', '123456', 'fgfgf', '-64,-29,112,65,48,116,-71,-93,113,8,-30,23,-61,76,-43,-54', '51b410ee582edd5af5c573d119f9a2bd');

--